<?xml version="1.0" encoding="utf-8"?>
<includes>

    <include name="Netflix_Trailer">
       <param name="top" default="0"/>
       <param name="right" default="0"/>
       <param name="height" default="720"/>
       <param name="width" default="1400"/>
       <param name="visible" default="Player.HasVideo"/>
        <definition>
            <control type="group">
                <visible>$PARAM[visible]</visible>
                <top>$PARAM[top]</top>
                <right>$PARAM[right]</right>
                <width>$PARAM[width]</width>
                <height>$PARAM[height]</height>
                <control type="videowindow">
                </control>
                <control type="image">
                  <texture colordiffuse="ff000000" border="20">netflix/netflix_corner.png</texture>
                </control>
            </control> 
       </definition>
     </include>

    <include name="Netflix_Fanart">
       <param name="top" default="0"/>
       <param name="bottom" default=""/>
       <param name="left" default="0"/>
       <param name="right" default="0"/>
       <param name="height" default="650"/>
       <param name="width" default="1440"/>
       <param name="visible" default=""/>
        <definition>
        <control type="label" id="5148">
          <description>hidden label for fanart image</description>
          <include>Defs_Offscreen</include>
          <label>$VAR[fanart_multi_fadelabel]</label>
          <visible>false</visible>
        </control>
        <control type="multiimage">
          <visible>!String.IsEqual(Control.GetLabel(5148),ListItem.Icon) + !String.Contains(Control.GetLabel(5148),resources/icons/themoviedb/nextpage_wide.png)</visible>
          <visible>$PARAM[visible]</visible>
          <width>$PARAM[width]</width>
          <height>$PARAM[height]</height>
          <left>$PARAM[left]</left>
          <right>$PARAM[right]</right>
          <top>$PARAM[top]</top>
          <bottom>$PARAM[bottom]</bottom>
          <aspectratio scalediffuse="true" aligny="top">scale</aspectratio>
          <imagepath background="true" diffuse="Right Corner.png">$VAR[fanart_multi_fadelabel]</imagepath>
          <timeperimage>2000</timeperimage>
          <fadetime>2000</fadetime>
          <pauseatend>10000</pauseatend>
          <randomize>false</randomize>
          <loop>no</loop>
          <include>animation_image_zoom</include>
        </control>
        <control type="multiimage">
          <visible>String.IsEqual(Control.GetLabel(5148),ListItem.Icon) + String.IsEqual(Control.GetLabel(5148),ListItem.Poster) | String.Contains(Control.GetLabel(5148),resources/icons/themoviedb/nextpage_wide.png)</visible>
          <visible>$PARAM[visible]</visible>
          <width>$PARAM[width]</width>
          <height>$PARAM[height]</height>
          <left>$PARAM[left]</left>
          <right>$PARAM[right]</right>
          <top>$PARAM[top]</top>
          <bottom>$PARAM[bottom]</bottom>
          <aspectratio scalediffuse="true" aligny="center">scale</aspectratio>
          <imagepath background="true" diffuse="Right Corner.png">$VAR[fanart_multi_fadelabel]</imagepath>
          <timeperimage>2000</timeperimage>
          <fadetime>2000</fadetime>
          <pauseatend>10000</pauseatend>
          <randomize>false</randomize>
          <loop>no</loop>
          <include>animation_image_zoom</include>
        </control>
        <control type="multiimage">
          <visible>String.IsEqual(Control.GetLabel(5148),ListItem.Icon) + !String.IsEqual(Control.GetLabel(5148),ListItem.Poster) + !String.Contains(Control.GetLabel(5148),resources/icons/themoviedb/nextpage_wide.png)</visible>
          <visible>$PARAM[visible]</visible>
          <width>$PARAM[width]</width>
          <height>$PARAM[height]</height>
          <left>$PARAM[left]</left>
          <right>$PARAM[right]</right>
          <top>$PARAM[top]</top>
          <bottom>$PARAM[bottom]</bottom>
          <aspectratio scalediffuse="false" aligny="center">scale</aspectratio>
          <imagepath background="true" diffuse="Right Corner.png">$VAR[fanart_multi_fadelabel]</imagepath>
          <timeperimage>2000</timeperimage>
          <fadetime>2000</fadetime>
          <pauseatend>10000</pauseatend>
          <randomize>false</randomize>
          <loop>no</loop>
          <include>animation_image_zoom</include>
        </control>
       </definition>
     </include>

     <include name="Netflix_Fanart_Container">
        <param name="top" default="0"/>
        <param name="bottom" default=""/>
        <param name="left" default="0"/>
        <param name="right" default="0"/>
        <param name="height" default="650"/>
        <param name="width" default="1440"/>
        <param name="visible" default=""/>
         <definition>
         <control type="label" id="5149">
           <description>hidden label for fanart image</description>
           <include>Defs_Offscreen</include>
           <label>$VAR[fanart_multi_fadelabel_container]</label>
           <visible>false</visible>
         </control>
         <control type="multiimage">
           <visible>!String.IsEqual(Control.GetLabel(5149),Container($PARAM[id]).ListItem.Icon) + !String.Contains(Control.GetLabel(5149),resources/icons/themoviedb/nextpage_wide.png)</visible>
           <visible>$PARAM[visible]</visible>
           <width>$PARAM[width]</width>
           <height>$PARAM[height]</height>
           <left>$PARAM[left]</left>
           <right>$PARAM[right]</right>
           <top>$PARAM[top]</top>
           <bottom>$PARAM[bottom]</bottom>
           <aspectratio scalediffuse="true" aligny="top">scale</aspectratio>
           <imagepath background="true" diffuse="Right Corner.png">$VAR[fanart_multi_fadelabel_container]</imagepath>
           <timeperimage>2000</timeperimage>
           <fadetime>2000</fadetime>
           <pauseatend>10000</pauseatend>
           <randomize>false</randomize>
           <loop>no</loop>
           <include>animation_image_zoom</include>
         </control>
         <control type="multiimage">
           <visible>String.IsEqual(Control.GetLabel(5149),Container($PARAM[id]).ListItem.Icon) + String.IsEqual(Control.GetLabel(5149),Container($PARAM[id]).ListItem.Poster) | String.Contains(Control.GetLabel(5149),resources/icons/themoviedb/nextpage_wide.png)</visible>
           <visible>$PARAM[visible]</visible>
           <width>$PARAM[width]</width>
           <height>$PARAM[height]</height>
           <left>$PARAM[left]</left>
           <right>$PARAM[right]</right>
           <top>$PARAM[top]</top>
           <bottom>$PARAM[bottom]</bottom>
           <aspectratio scalediffuse="true" aligny="center">scale</aspectratio>
           <imagepath background="true" diffuse="Right Corner.png">$VAR[fanart_multi_fadelabel_container]</imagepath>
           <timeperimage>2000</timeperimage>
           <fadetime>2000</fadetime>
           <pauseatend>10000</pauseatend>
           <randomize>false</randomize>
           <loop>no</loop>
           <include>animation_image_zoom</include>
         </control>
         <control type="multiimage">
           <visible>String.IsEqual(Control.GetLabel(5149),Container($PARAM[id]).ListItem.Icon) + !String.IsEqual(Control.GetLabel(5149),Container($PARAM[id]).ListItem.Poster) + !String.Contains(Control.GetLabel(5149),resources/icons/themoviedb/nextpage_wide.png)</visible>
           <visible>$PARAM[visible]</visible>
           <width>$PARAM[width]</width>
           <height>$PARAM[height]</height>
           <left>$PARAM[left]</left>
           <right>$PARAM[right]</right>
           <top>$PARAM[top]</top>
           <bottom>$PARAM[bottom]</bottom>
           <aspectratio scalediffuse="false" aligny="center">scale</aspectratio>
           <imagepath background="true" diffuse="Right Corner.png">$VAR[fanart_multi_fadelabel_container]</imagepath>
           <timeperimage>2000</timeperimage>
           <fadetime>2000</fadetime>
           <pauseatend>10000</pauseatend>
           <randomize>false</randomize>
           <loop>no</loop>
           <include>animation_image_zoom</include>
         </control>
        </definition>
      </include>

    <include name="Netflix_Clearlogo">
       <param name="id" default=""/>
       <param name="top" default="0"/>
       <param name="bottom" default=""/>
       <param name="right" default="0"/>
       <param name="height" default="650"/>
       <param name="width" default="1440"/>
       <param name="aligny" default=""/>
       <param name="visible" default=""/>
        <definition>
        <control type="image" id="5150">
          <visible>$PARAM[visible]</visible>
          <left>$PARAM[left]</left>
          <right>$PARAM[right]</right>
          <top>$PARAM[top]</top>
          <bottom>$PARAM[bottom]</bottom>
          <height>$PARAM[height]</height>
          <width>$PARAM[width]</width>
          <aligny>$PARAM[aligny]</aligny>
          <texture background="true">$VAR[NetflixHome_ClearLogo]</texture>
        </control>
       </definition>
     </include>






</includes>
